eps,mlmc_estimate,mlmc_cost,std_mc_cost,mlmc_wall_time,Nl_0,Nl_1,Nl_2,Nl_3,Nl_4,Nl_5,Nl_6,Yl_0,Yl_1,Yl_2,Yl_3,Yl_4,Yl_5,Yl_6,Vl_0,Vl_1,Vl_2,Vl_3,Vl_4,Vl_5,Vl_6
0.0005,0.08356659293428893,98195369,10377785.07757893,29.704603801,3279489,846581,142902,23004,3827,653,115,0.08296475086948464,0.01106468207552009,-0.002558053854151243,-0.003420101137338014,-0.002547645377918376,-0.001219899944339419,-0.0007171396969687573,0.01374184517178306,0.007326155227627597,0.001669538061729765,0.0003461374302317173,7.664569985278522e-05,1.774194153018341e-05,4.32995141641282e-06
0.0005,0.08342600938442271,105034329,8794498.508893117,29.358791549,3401817,879456,148740,24111,3989,713,126,0.08295080001055508,0.01085867417585107,-0.002722913258454837,-0.003352293576666121,-0.002350322832991406,-0.001314861184617145,-0.0006430739492539379,0.01376902180286333,0.007368618631611348,0.001685685526587306,0.0003527419622039236,7.617581693765974e-05,1.937978256714116e-05,3.66935246688554e-06
0.0005,0.08356726586881918,101490497,11184579.28646183,28.413694565,3336761,863833,145889,23357,3925,676,121,0.08298209819611709,0.01091619916967289,-0.002800023769203145,-0.003377895291358588,-0.002382006121955756,-0.001232808335497915,-0.0005382979789554007,0.01378141004770846,0.007365939182329546,0.001681765602284621,0.0003445848102348636,7.783062331819107e-05,1.800770888879137e-05,4.666572352517344e-06
0.0005,0.08483995898142564,50452480,4826438.559596756,13.636640859,2354792,606891,102513,16804,2839,502,nan,0.08303900116212148,0.0110952915791901,-0.002496717472314903,-0.003509547154572436,-0.002318267861609081,-0.000969801271389532,nan,0.01376962150015333,0.007323583949418369,0.001663703333895738,0.0003541805686355965,8.345566752963849e-05,1.611003818391932e-05,nan
0.0005,0.08465819103110196,49024169,5683299.696372112,13.262998169,2324601,602622,101593,16559,2719,481,nan,0.08295089557111474,0.0108948518317671,-0.002587533345285951,-0.003545612786588379,-0.002194684580067894,-0.0008597256598376392,nan,0.01378961884885147,0.00741656222820223,0.001673903312961247,0.0003600587742178245,7.577491831326579e-05,1.897013170035285e-05,nan
0.0005,0.08342317510688584,103241895,11502515.85295229,28.871391386,3376199,869668,147557,23769,3894,681,126,0.08305992730331038,0.011071211328349,-0.002927191225042518,-0.003536839564468102,-0.002300007029473916,-0.001172122114132309,-0.0007718035916566962,0.01381350306590809,0.007332619714248321,0.001687367416275467,0.0003503854334499893,7.545109458389197e-05,1.839714832614513e-05,4.799225888518877e-06
0.0005,0.08368856181333478,102386093,7900185.876010682,28.64819242,3349981,869898,146974,23530,4018,685,121,0.08291118544095859,0.01104089881443659,-0.002782901692420315,-0.00355947475372917,-0.00219423846978431,-0.001241309343216778,-0.0004855981829098137,0.01375383530484304,0.007391551013214167,0.001692927975337916,0.0003480990373702269,7.897048235197157e-05,1.822714713715137e-05,3.296215981352485e-06
0.0005,0.08366994654344367,106546226,13031703.76994753,29.763678091,3418362,883407,148915,24388,3925,697,134,0.08298139716063709,0.01102969347655441,-0.002722363174012883,-0.003561074223294896,-0.002234580641951919,-0.001226987210724459,-0.0005961388437636616,0.01373625266745203,0.007338858356155506,0.001668050846304854,0.0003580266818146791,7.426349302658042e-05,1.866317216590278e-05,5.437253110865213e-06
0.0005,0.08373329784351123,95006227,7094303.002425831,26.450077378,3230715,834771,141406,22994,3788,616,109,0.08290834928175426,0.01113854586195929,-0.002623593700327363,-0.003344317459510301,-0.002324621572863461,-0.001346037202372097,-0.0006750273651290853,0.01374012657148549,0.007331417125966643,0.001677590234550217,0.0003574437309398277,7.987061484352822e-05,1.698013507384547e-05,2.959975284146254e-06
0.0005,0.08359854592003162,100194854,7995954.293944404,27.937816848,3323502,858903,145276,23766,3964,660,117,0.083028524051575,0.01094819726965048,-0.002762023910762894,-0.003477835560235484,-0.002361165076116289,-0.001153956499238491,-0.0006231943548406988,0.01380580641688427,0.007369514686512492,0.00167953545515974,0.0003616245935907705,7.971676160024625e-05,1.736480358136965e-05,3.336173698127294e-06
0.001,0.08333252168065999,11642697,1124973.040984765,3.19678827,566489,146838,24575,3923,639,113,nan,0.08298816149482331,0.01062906689342846,-0.003098551907174077,-0.00310626281779512,-0.002595175929849054,-0.001484716052773535,nan,0.0137892074444278,0.007362339714355322,0.001705970661880198,0.0003372938824124973,7.010242879493352e-05,1.50200678387242e-05,nan
0.001,0.08354761274970715,11980066,1030508.184219021,3.26016012,574202,148565,25078,3853,669,119,nan,0.08313611311711641,0.01102403766656362,-0.003031098798696374,-0.003418537812550875,-0.002571131878025471,-0.001591769544700149,nan,0.01375474663396641,0.007397590595577566,0.001676073322152416,0.000338096875671916,7.436146374395138e-05,1.375882111964299e-05,nan
0.001,0.08604728854086943,5881178,773638.1150260074,1.529098248,403178,104286,17718,2839,502,nan,nan,0.08289039170925253,0.01097019653565671,-0.002706150486504117,-0.003360307824896859,-0.001746841392638819,nan,nan,0.01376273697567166,0.007316227815804756,0.001715202561177967,0.000352301091845063,8.263598750544834e-05,nan,nan
0.001,0.08559339335936016,5921264,637080.3189852759,1.567476707,405032,105865,17694,2860,506,nan,nan,0.08298905000023105,0.01068189644089257,-0.003281853435750073,-0.002721050118123009,-0.002074649527890369,nan,nan,0.0138722676836828,0.007501958965755255,0.001691211485040833,0.000353861030112045,6.80495961317321e-05,nan,nan
0.001,0.08455899703460132,12297847,1178427.170272828,3.318711252,580543,149303,25308,4205,680,121,nan,0.08290574206894706,0.0108915880308494,-0.002714830159858977,-0.003278107369536688,-0.002176144226398175,-0.001069251309401308,nan,0.0138007685063666,0.007304829302692412,0.001671356300762386,0.0003689569157036168,7.156692995160015e-05,1.573376018415482e-05,nan
0.001,0.08476195854916548,13444590,1178736.022367019,3.663157022,608238,157032,26835,4431,766,136,nan,0.08312620522357479,0.01113343311882934,-0.0028681723633984,-0.003128396053945557,-0.002507265078955189,-0.0009938462969395249,nan,0.01376011142077632,0.007325223329491077,0.001713633966433271,0.0003597121148190777,8.954107056176311e-05,1.573788382022242e-05,nan
0.001,0.08319572674248739,12101895,1493297.883367338,3.263128039,576951,148994,25149,4022,619,126,nan,0.08293563601787074,0.01112182945110512,-0.002987396259299743,-0.00372558089215434,-0.002505846131025887,-0.001642915444008507,nan,0.01378183939837288,0.007348781711738982,0.001674716231465194,0.0003409241116699667,6.610374802603749e-05,1.993775379005231e-05,nan
0.001,0.08670872760222947,5898538,715465.9167011147,1.522466056,403898,103542,17863,2849,504,nan,nan,0.08318991186985311,0.01163232070601957,-0.002724908031350421,-0.003357968760795245,-0.002030628181497527,nan,nan,0.01385585992967201,0.007298186581796306,0.001713858829545039,0.00035017683129147,7.642233675508594e-05,nan,nan
0.001,0.08435466139264987,12425619,1515210.865548593,3.376427749,586931,150948,25343,4132,675,126,nan,0.0831625875085262,0.01096330713758588,-0.002433463869615026,-0.003686069206126959,-0.002328555743328068,-0.00132314443439216,nan,0.01390490304913752,0.007350571984683009,0.001658391192914647,0.0003529944914040546,7.545468041213936e-05,2.023032478235191e-05,nan
0.001,0.08459918416506812,13086852,1674465.656130574,3.562778753,598156,155759,25978,4215,732,135,nan,0.08304991863506477,0.01106727470519568,-0.002592148349236815,-0.003182420659898032,-0.002503432778510477,-0.001240007387547007,nan,0.01369326560247217,0.007432498760568906,0.001648629157668122,0.0003475957949764112,8.260047232152399e-05,2.235661374309826e-05,nan
0.005,0.09141058603650999,42394,10734.3918618703,0.00915707,7546,1852,313,nan,nan,nan,nan,0.08392957629350131,0.0101571534316943,-0.002676143688685613,nan,nan,nan,nan,0.0147189055837832,0.008152957589414311,0.001838080798265463,nan,nan,nan,nan
0.005,0.09410428581627467,36531,8774.516771083509,0.007874061,6491,1659,262,nan,nan,nan,nan,0.08425657843094216,0.01229126117180426,-0.002443553786471751,nan,nan,nan,nan,0.01440060776347234,0.007521016656505708,0.001502485748473204,nan,nan,nan,nan
0.005,0.0897718236945579,45136,10843.80630364342,0.010098792,6384,1884,370,nan,nan,nan,nan,0.08144976312916938,0.01138734795700362,-0.003065287391615099,nan,nan,nan,nan,0.01285482190217093,0.007547121944837662,0.001856816147884148,nan,nan,nan,nan
0.005,0.08999511389422397,34652,7699.38343840843,0.007463617,6140,1652,239,nan,nan,nan,nan,0.0834004990153004,0.01080910277652205,-0.00421448789759847,nan,nan,nan,nan,0.01368588852591637,0.007680086132620507,0.001318387575069937,nan,nan,nan,nan
0.005,0.08855784648461135,45854,10367.54884189616,0.009886132000000001,8486,1791,360,nan,nan,nan,nan,0.08440522789220851,0.009754581554097348,-0.005601962961694524,nan,nan,nan,nan,0.01474668244797605,0.007804361280964822,0.001775265212653452,nan,nan,nan,nan
0.005,0.0891461342871319,37818,9733.279883341151,0.008211456000000001,6786,1639,280,nan,nan,nan,nan,0.08115796923649,0.01054845335103831,-0.00256028830039641,nan,nan,nan,nan,0.01306037842387474,0.007207831243044706,0.001666657514270745,nan,nan,nan,nan
0.005,0.09300673121853663,36949,8396.588148027175,0.023068638,6293,1680,269,nan,nan,nan,nan,0.08230213868269773,0.01344234024200967,-0.002737747706170774,nan,nan,nan,nan,0.0138764267653046,0.007370309306411232,0.001437771943155338,nan,nan,nan,nan
0.005,0.08901052323200659,43834,10147.07218030536,0.020114796,6314,2322,296,nan,nan,nan,nan,0.0812757303071827,0.01095282673527534,-0.003218033810451448,nan,nan,nan,nan,0.01291260314334058,0.007619493946334579,0.001737512359641329,nan,nan,nan,nan
0.005,0.09376101558124049,46993,8997.883656958715,0.012097295,6505,2189,359,nan,nan,nan,nan,0.08224663411538422,0.01335776532718633,-0.001843383861330053,nan,nan,nan,nan,0.01373428620530667,0.007109504213091522,0.00154073350290389,nan,nan,nan,nan
0.005,0.09172108001107233,39727,9984.730502521081,0.008624356,6815,1770,293,nan,nan,nan,nan,0.08325247241209002,0.01217761179060377,-0.00370900419162146,nan,nan,nan,nan,0.01405542434821514,0.007375520960452932,0.001709714127144021,nan,nan,nan,nan
0.01,0.08473711494822379,11849,2419.944021534147,0.002708954,1705,468,100,nan,nan,nan,nan,0.08341704989498483,0.00750165249622307,-0.006181587442984107,nan,nan,nan,nan,0.01439443481180645,0.00868502606418417,0.001657495905160375,nan,nan,nan,nan
0.01,0.09209497974863663,10482,3097.136277391661,0.002378634,1474,326,100,nan,nan,nan,nan,0.08043722466194848,0.0168029994310165,-0.005145244344328347,nan,nan,nan,nan,0.01190824064154189,0.004703272093821148,0.002121326217391549,nan,nan,nan,nan
0.01,0.08555823755142353,11831,2579.213791620052,0.002618024,1887,443,100,nan,nan,nan,nan,0.08268864301098695,0.002974678716023901,-0.0001050841755873258,nan,nan,nan,nan,0.01427862128395674,0.007741212313843305,0.001766584788780858,nan,nan,nan,nan
0.01,0.09394781647661163,12556,2268.596801242415,0.002819667,1652,563,100,nan,nan,nan,nan,0.08268763338241794,0.01690921378391543,-0.00564903068972174,nan,nan,nan,nan,0.01344977206575191,0.009533426420223914,0.001553833425508504,nan,nan,nan,nan
0.01,0.09128303006246449,10961,2316.37853109805,0.002461377,1585,372,100,nan,nan,nan,nan,0.0808347612713721,0.01515108069961094,-0.00470281190851855,nan,nan,nan,nan,0.0141515361785597,0.006100069604693654,0.00158656063773839,nan,nan,nan,nan
0.01,0.08062116279271526,11072,2061.944187488829,0.002588571,1496,397,100,nan,nan,nan,nan,0.08135102638979144,0.00172034492628304,-0.002450208523359209,nan,nan,nan,nan,0.01282447428382193,0.007275314306961862,0.001412290539375911,nan,nan,nan,nan
0.01,0.1018659289458373,11244,2965.721223434943,0.002652172,1732,389,100,nan,nan,nan,nan,0.0845310487609927,0.01573592375925815,0.001598956425586446,nan,nan,nan,nan,0.01526839572848626,0.005842682802973035,0.00203131590646229,nan,nan,nan,nan
0.01,0.08711611516856721,10701,1629.964131496399,0.002560638,1405,362,100,nan,nan,nan,nan,0.07955350364268228,0.006363479957490333,0.001199131568394603,nan,nan,nan,nan,0.0128752949089546,0.00676064995560484,0.001116413788696164,nan,nan,nan,nan
0.01,0.09713602761477744,12541,2573.2207999224,0.00269252,2429,464,100,nan,nan,nan,nan,0.08716736092692146,0.01400179498488084,-0.004033128297024867,nan,nan,nan,nan,0.01455682401268181,0.007316829818521854,0.001762479999946849,nan,nan,nan,nan
0.01,0.08728315917574239,11730,2641.609261232755,0.002621483,1690,455,100,nan,nan,nan,nan,0.08764421547936442,0.009704376284743733,-0.01006543258836576,nan,nan,nan,nan,0.01456358444500287,0.006986715532914722,0.001809321411803257,nan,nan,nan,nan
0.05,0.06646737278850451,7300,96.33526235963895,0.00199445,100,100,100,nan,nan,nan,nan,0.06662652356098675,-0.0006926146106122186,0.0005334638381299731,nan,nan,nan,nan,0.008792831887991664,0.008114929757401681,0.00164957641026779,nan,nan,nan,nan
0.05,0.08407069020198275,7300,115.6785408893624,0.001909746,100,100,100,nan,nan,nan,nan,0.0725054611355043,0.01756537772055134,-0.006000148654072886,nan,nan,nan,nan,0.007760595568207188,0.006902939524707188,0.001980796933037027,nan,nan,nan,nan
0.05,0.08411675376353434,7300,121.3029277964266,0.002029744,100,100,100,nan,nan,nan,nan,0.08516512221992718,0.003237773828980695,-0.00428614228537353,nan,nan,nan,nan,0.01739676378110718,0.006935087110362645,0.002077104928021003,nan,nan,nan,nan
0.05,0.1044069428686619,7300,75.11490181872551,0.001978793,100,100,100,nan,nan,nan,nan,0.09895108634633148,0.00695077687777531,-0.001494920355444949,nan,nan,nan,nan,0.02435133669994686,0.005739619657941656,0.001286214072238451,nan,nan,nan,nan
0.05,0.1083808529707984,7300,116.179307211285,0.001994748,100,100,100,nan,nan,nan,nan,0.08257716450760511,0.02267823376034839,0.003125454702844902,nan,nan,nan,nan,0.009672540002114365,0.006173645174769255,0.001989371698823374,nan,nan,nan,nan
0.05,0.09300412000847939,7300,77.10283945387714,0.001961939,100,100,100,nan,nan,nan,nan,0.07981261995043967,0.01398785141183566,-0.0007963513537959338,nan,nan,nan,nan,0.01320647090000238,0.006617850201003452,0.001320254100237623,nan,nan,nan,nan
0.05,0.09944290959199752,7300,104.7905346738991,0.00189846,100,100,100,nan,nan,nan,nan,0.0912257129328756,0.009568609359839836,-0.001351412700717916,nan,nan,nan,nan,0.01336965850910379,0.006379144254841086,0.001794358470443478,nan,nan,nan,nan
0.05,0.1099886404347721,7300,111.3549320224867,0.00192578,100,100,100,nan,nan,nan,nan,0.1076476029533789,0.006122395337147305,-0.003781357855754135,nan,nan,nan,nan,0.02390834471831897,0.006306637987239264,0.001906762534631622,nan,nan,nan,nan
0.05,0.105947413846835,7300,67.74392203016892,0.001858881,100,100,100,nan,nan,nan,nan,0.07532076148981776,0.03275835710646027,-0.002131704749443047,nan,nan,nan,nan,0.009992820578078279,0.004087251765851792,0.001159998664900153,nan,nan,nan,nan
0.05,0.08631475029190543,7300,78.27208620072994,0.001858054,100,100,100,nan,nan,nan,nan,0.0766400801893069,0.01160352649663488,-0.001928856394036346,nan,nan,nan,nan,0.01070404476750965,0.007823779671446037,0.001340275448642636,nan,nan,nan,nan
