eps,mlmc_estimate,mlmc_cost,std_mc_cost,mlmc_wall_time,Nl_0,Nl_1,Nl_2,Nl_3,Nl_4,Nl_5,Nl_6,Nl_7,Nl_8,Yl_0,Yl_1,Yl_2,Yl_3,Yl_4,Yl_5,Yl_6,Yl_7,Yl_8,Vl_0,Vl_1,Vl_2,Vl_3,Vl_4,Vl_5,Vl_6,Vl_7,Vl_8
0.0005,0.1003064196253919,288054274,19541431.25130983,41.252082936,11266218,2827123,372079,61422,10570,1965,348,nan,nan,0.1659608778544315,-0.0516436456953071,-0.01042878540359758,-0.002482357279922855,-0.0004924887505914583,-0.0003946228383923352,-0.0002125582612283043,nan,nan,0.0551457303422162,0.02775037802686119,0.003852227380287434,0.0008389379834536518,0.0001998905971918903,5.365827121701063e-05,8.153324364767296e-06,nan,nan
0.0005,0.1010566727723328,276930464,32182535.86544332,39.837196191,11047704,2766177,363358,59477,10350,1754,344,nan,nan,0.1660078689884762,-0.05152233063051165,-0.01049485613919616,-0.002527886905258137,-0.0004550461234736823,-0.0002492291538612472,0.0002981527361575245,nan,nan,0.05512873716154258,0.02763580789000863,0.003818127467778271,0.000816548952494497,0.0001986438271323104,4.542396281981316e-05,1.342760673039896e-05,nan,nan
0.0005,0.1004812889630987,289208940,33862950.08820753,41.624920406,11262732,2823164,372790,61033,10546,1937,357,nan,nan,0.1660314127114066,-0.05188084429673267,-0.01050062755314008,-0.002425211816038338,-0.0007525465653806872,-0.0003421976645534888,0.0003513041475373899,nan,nan,0.0551538590728031,0.02772737286354691,0.003866512173093584,0.0008280408405223451,0.0001964344750343123,5.095604255200795e-05,1.412873051448445e-05,nan,nan
0.0005,0.1003280560244337,270525586,30169497.27018311,40.76279222,10906010,2733767,361931,58793,10152,1777,323,nan,nan,0.1659481312328261,-0.05159675209494475,-0.01064355932645445,-0.002436563614782767,-0.0005657930223649708,-0.0003783123164941334,9.051666486409425e-07,nan,nan,0.05506291179688659,0.02767768460921895,0.003880733260278004,0.0008192575019557813,0.000193551741449315,4.779345572323437e-05,1.258770117717333e-05,nan,nan
0.0005,0.1006693231585795,282975040,29716740.21076522,41.131283765,11176808,2799011,369187,59517,10330,1933,342,nan,nan,0.1660868674405991,-0.05170591771180035,-0.01063083411601738,-0.002451053551641833,-0.0006234741068916826,-0.0002581045096865584,0.0002518397140182975,nan,nan,0.0552695382286662,0.02769516554015503,0.003854650202165266,0.0008064806110955066,0.0001972053819493759,5.442238582191555e-05,1.23987961212233e-05,nan,nan
0.0005,0.1009389307030028,281562494,25505778.61654467,40.553009019,11139062,2791281,368520,60796,10540,1896,336,nan,nan,0.1661093432613112,-0.05171705547744824,-0.01044345238639627,-0.00254239732507928,-0.0005384728085154171,-0.0001277225352897258,0.0001986879744205283,nan,nan,0.05513558058658381,0.02767965609725005,0.003862973362238293,0.0008243413851014821,0.0002049633269637387,5.007637344983776e-05,1.064184519353952e-05,nan,nan
0.0005,0.1001858561427418,272224707,25717171.75578843,39.374571628,10945363,2744974,361792,59125,10008,1830,324,nan,nan,0.1660447454800427,-0.05160289612465729,-0.01063517799823455,-0.00249644336348371,-0.0005825957455074097,-0.0005501006920956113,8.324586677691747e-06,nan,nan,0.05511443355267774,0.02770870292939635,0.003855580103515055,0.0008304958826112147,0.0001930416801949789,4.61725768791276e-05,1.073004532640467e-05,nan,nan
0.0005,0.1010935271959915,265065375,28896032.0191505,38.444696057,10819735,2707889,355934,58291,9999,1738,313,nan,nan,0.1661583349478699,-0.05153120462155271,-0.0105508186442871,-0.002480224111571091,-0.0004849072650301957,-0.000220924321586883,0.0002032712121495695,nan,nan,0.05524995574733439,0.02768416752159524,0.003826217729131319,0.0008208191182893633,0.0001932435080648967,4.665826383486616e-05,1.205636981636357e-05,nan,nan
0.0005,0.1007418659269705,280705061,32257642.36728626,43.093286141,11107293,2780721,367995,60062,10443,1850,342,nan,nan,0.166086022204525,-0.05155302985355201,-0.01060568293743599,-0.002507974774011093,-0.0005940196091357643,-0.0001760571757486018,9.26080723290256e-05,nan,nan,0.05517369881918786,0.02767570100157988,0.003876718807549843,0.000825857887081082,0.0002005952602094376,4.839154283454675e-05,1.345894361988025e-05,nan,nan
0.0005,0.100563395249041,276604275,29076766.72131252,42.359606859,11036699,2770387,365011,60181,10175,1863,330,nan,nan,0.1658994788729415,-0.05182966036333442,-0.01050702760792718,-0.002524678600580669,-0.0005822959870400483,-7.15754536995906e-05,0.0001791543886813523,nan,nan,0.05502949573560419,0.02776028708059011,0.003860587058305181,0.0008377581880777839,0.0001950954820965087,5.091874403878507e-05,1.213177824636779e-05,nan,nan
0.001,0.1011445498686635,77920846,9162950.489990627,11.850034264,2922982,732749,96544,16147,2720,497,104,nan,nan,0.1658789253797543,-0.05123675849846336,-0.0103060805953908,-0.00255682779518419,-0.0008735325405597324,-0.0001312949101748907,0.0003701188286822406,nan,nan,0.05501864678420748,0.02762837317091171,0.003825387138935321,0.0008580501955941508,0.0001958449434190869,5.015851056562986e-05,1.529233074536225e-05,nan,nan
0.001,0.1007421278111929,65734337,6414547.153426046,11.030080425,2693289,674459,89349,14116,2521,433,77,nan,nan,0.1661240540290676,-0.05145209345344428,-0.01068106665216946,-0.002450834426588375,-0.0008017433006073042,9.476201788621666e-05,-9.095040295146933e-05,nan,nan,0.0552867793232803,0.02775823802139724,0.0038892706258359,0.000804661214557309,0.0001952296680366002,4.49139039177751e-05,1.070543563004817e-05,nan,nan
0.001,0.100729738262066,74701632,9415670.334688378,10.749680935,2868432,718294,94655,15580,2724,488,95,nan,nan,0.166134837596312,-0.05172572082377197,-0.01073506568979328,-0.002470846313203165,-0.0009558026176144939,0.0001939914588661175,0.0002883446512708469,nan,nan,0.05518006349896575,0.02768207115790038,0.003845350583668649,0.0008333634808765096,0.0002036900834070809,5.217929306040548e-05,1.571410269046403e-05,nan,nan
0.001,0.1004525535621988,299692012,24040672.82267147,46.249143334,5695940,1427885,188139,30687,5420,931,139,39,5,0.1662281505782505,-0.05168124234476224,-0.01045429069820786,-0.002385143614873278,-0.001114717872728886,4.667520149357996e-05,-0.0006659890072690599,0.0006108389988328571,-0.0001317276785368332,0.05522107892783763,0.02775551498570805,0.003855949663035223,0.0008189054687982215,0.0002024692270458425,4.808689667162727e-05,8.344452056707917e-06,5.214050536129742e-06,6.269094013144041e-07
0.001,0.1016519134384457,174642982,24477304.53231245,27.622450091,4376326,1096932,143836,23553,4011,690,114,34,nan,0.1661837654902816,-0.05172655667162391,-0.01065854686559661,-0.002510406085075019,-0.0009245668953346419,0.000400395111647208,0.0008216663197172865,6.616303442979283e-05,nan,0.0553101699149674,0.02771839887721732,0.003825100974831661,0.0008156057579378905,0.0001930728884543029,4.375329204755844e-05,9.11980195216739e-06,5.106363950339407e-06,nan
0.001,0.1019508050277668,67521524,3864771.718452907,9.610193721,2722524,677043,90702,15076,2684,440,78,nan,nan,0.1659822482291421,-0.05110692321537871,-0.01068865897954673,-0.002322121713568222,-0.0004619033130041979,5.95944014041526e-05,0.0004885696187183884,nan,nan,0.0550541083494232,0.02738230331495044,0.003893736745391381,0.0008557925194915039,0.0002154168856979488,5.326281118206916e-05,6.450036747275315e-06,nan,nan
0.001,0.09968136661560707,65886719,6021347.012883462,10.307357512,2665095,668887,88499,14750,2526,455,74,nan,nan,0.1659338590482004,-0.05154463799707724,-0.01058793150436881,-0.002572068429339007,-0.0008137827836324472,-0.0005342957949718493,-0.0001997759232039671,nan,nan,0.05492996586233541,0.02764346790207065,0.003856699742546894,0.0008609929532533761,0.0001925811568592754,5.217841672713167e-05,1.004921178546138e-05,nan,nan
0.001,0.100443110599871,71183565,7115343.898824728,10.164912275,2796885,702487,92147,15089,2606,486,86,nan,nan,0.1659420785821408,-0.05156789954073531,-0.01035135764367774,-0.002522640893753883,-0.0007764258578345728,-0.0003488375646842096,6.819351841598512e-05,nan,nan,0.05509499450489492,0.02774285711369478,0.003853776535437749,0.0008209882645031149,0.0001896506947669585,5.299915845271437e-05,1.187501693768667e-05,nan,nan
0.001,0.09993390018417093,69088002,7131297.671538243,9.891076933000001,2759066,691813,92209,14981,2465,469,83,nan,nan,0.1660649814859895,-0.05190172380788987,-0.01061590108757877,-0.002527994722473823,-0.000622788748674384,-0.0002117486510919294,-0.0002509242841098024,nan,nan,0.05514951504775712,0.02761907872042502,0.003957774408717308,0.0008382893602032353,0.0001862701105773378,4.958324249278528e-05,1.190164268113448e-05,nan,nan
0.001,0.09906716900269766,72204210,7908564.542890402,10.398129418,2816442,703295,92648,15289,2560,454,94,nan,nan,0.1661812674471801,-0.05164185199183963,-0.01074663836736353,-0.002779654374220755,-0.0005595028212961744,-0.0007751955747213592,-0.0006112553150410164,nan,nan,0.05510473217534285,0.02748111898562317,0.003804757044705412,0.0008342344183065673,0.0001876308133690012,4.599370886729104e-05,1.319884734104335e-05,nan,nan
0.005,0.09904714486801521,597950,39566.89634492037,0.08103616,51846,13199,1675,267,48,nan,nan,nan,nan,0.1671688778015869,-0.05406184763523635,-0.01102474541664599,-0.000784471231595593,-0.002250668650093716,nan,nan,nan,nan,0.05593728724409271,0.02894071557587282,0.003974131502577448,0.000771186158482786,0.0001056582363408469,nan,nan,nan,nan
0.005,0.09799299778183709,535144,43497.51470454267,0.07066283199999999,48624,12151,1587,234,41,nan,nan,nan,nan,0.1665713198005008,-0.05316390513786407,-0.01042817846528406,-0.004221318087012298,-0.0007649203285032607,nan,nan,nan,nan,0.05575356926133108,0.02742563864141103,0.003682502406888153,0.000702043946151621,0.0001161544400356299,nan,nan,nan,nan
0.005,0.1044270396151584,521537,37803.79294614005,0.068633242,47521,11604,1644,235,38,nan,nan,nan,nan,0.1671454622850855,-0.04823956960531822,-0.0104715053753898,-0.002678023958931206,-0.001329323730287898,nan,nan,nan,nan,0.05599784138431788,0.02682767307224235,0.004020411716351906,0.0005680092694302383,0.0001009500986598485,nan,nan,nan,nan
0.005,0.1045504672058435,703040,100799.1051324458,0.094062435,55160,14065,1789,326,62,nan,nan,nan,nan,0.1658415831304001,-0.05106369017538578,-0.008538053774778181,-0.003506699947810907,0.001817327973418339,nan,nan,nan,nan,0.05456394650030826,0.02827888754446072,0.003625537630394993,0.0009391089265015183,0.0002691708639512011,nan,nan,nan,nan
0.005,0.09822698802626549,693046,55850.15706476798,0.092777944,54558,13691,1841,331,59,nan,nan,nan,nan,0.1654989401896284,-0.05238977388447687,-0.01151048448248532,-0.001823283347540659,-0.001548410448860009,nan,nan,nan,nan,0.05491225638093761,0.02825753663185733,0.003741455033597092,0.001029844925372238,0.0001491405604164921,nan,nan,nan,nan
0.005,0.1017890791987859,674172,96972.73575538292,0.09021211,54356,13421,1759,301,60,nan,nan,nan,nan,0.1670650023230644,-0.05087253997895815,-0.01019275044596506,-0.00473425825952949,0.0005236255601741614,nan,nan,nan,nan,0.0552180526995521,0.02696543639444816,0.003703423587226778,0.0008446167919439129,0.0002589530435681022,nan,nan,nan,nan
0.005,0.1030962360041564,519397,43136.87623271973,0.068359356,47757,12131,1517,222,40,nan,nan,nan,nan,0.1673496121954444,-0.05238558210385007,-0.009075554984257583,-0.002637620893455365,-0.0001546182097249506,nan,nan,nan,nan,0.05556907559961731,0.02842529493908798,0.003407489880593171,0.0006462583634213553,0.0001151914020314028,nan,nan,nan,nan
0.005,0.1029939684928144,727203,114768.276532409,0.0969998,56467,14338,1904,296,69,nan,nan,nan,nan,0.1664335448847216,-0.04947919875023355,-0.01127021707558531,-0.001654273988065723,-0.00103588657802261,nan,nan,nan,nan,0.0551632649956309,0.02808969150389536,0.003954709932706698,0.0007629614459534561,0.0003064737143035917,nan,nan,nan,nan
0.005,0.09967310149235376,600360,52582.40441643805,0.079370626,51552,12577,1779,269,48,nan,nan,nan,nan,0.1662074396040917,-0.0523389266318358,-0.0106819511309353,-0.0001294250510212808,-0.003384035297945594,nan,nan,nan,nan,0.05540465060714549,0.02644728841014623,0.004231108976820585,0.0008229208489203963,0.0001404144531522059,nan,nan,nan,nan
0.005,0.09959754070471508,658135,73991.33662558612,0.08750532599999999,53575,13442,1758,311,55,nan,nan,nan,nan,0.1646335025798694,-0.05156271498109483,-0.009543838015885783,-0.001395781726000636,-0.002533627152173075,nan,nan,nan,nan,0.0545337284815083,0.02781784815974802,0.003799985736414838,0.0008209725483797963,0.0001975842144455942,nan,nan,nan,nan
0.01,0.09005857985608652,238657,29640.85321220379,0.03254655,16057,4241,604,93,25,nan,nan,nan,nan,0.1665101254099605,-0.05500325770716429,-0.01157691140137929,-0.00593562381161722,-0.003935752633713184,nan,nan,nan,nan,0.05436989428171263,0.03085257096220787,0.004841884826863273,0.0008383476007104787,0.0003166081308716491,nan,nan,nan,nan
0.01,0.1045327620777032,145285,16874.19380136058,0.019641615,12749,3215,421,60,12,nan,nan,nan,nan,0.168772363045525,-0.05193903809249394,-0.01122100963882565,-0.002927326698172762,0.001847773461670578,nan,nan,nan,nan,0.05686076312116634,0.02902884674027367,0.003934991482201228,0.0006378540626069736,0.0001802413351993226,nan,nan,nan,nan
0.01,0.09857841356773818,161882,24230.26306572112,0.021804522,13314,3363,421,65,15,nan,nan,nan,nan,0.1679863483514439,-0.05084461835152818,-0.0111832845961428,-0.004621935265512901,-0.002758096570521819,nan,nan,nan,nan,0.0560666296873352,0.02848787816637079,0.003389595327535315,0.000646341500839872,0.0002588150295419902,nan,nan,nan,nan
0.01,0.08838337463902,179969,5544.828267501339,0.024235201,13441,3560,445,86,16,nan,nan,nan,nan,0.163070911302273,-0.05301350504713667,-0.008607316645050754,-0.006535443604875978,-0.006531271366189573,nan,nan,nan,nan,0.05298400115259801,0.02828405412761927,0.002907283514891186,0.0008511455022153703,5.922696290858085e-05,nan,nan,nan,nan
0.01,0.09041457775067449,158884,16360.30762425079,0.021658773,12932,3340,471,70,13,nan,nan,nan,nan,0.1642926440499881,-0.05391807764586637,-0.01121485373237017,-0.003914182547773554,-0.00483095237330349,nan,nan,nan,nan,0.05400414210592389,0.02992243697871725,0.004735627804189334,0.0007129280930333881,0.0001747522711413244,nan,nan,nan,nan
0.01,0.09403251817373863,142826,17888.80122708245,0.030898091,12922,2974,442,56,12,nan,nan,nan,nan,0.1707880442097851,-0.05334805585163232,-0.01174995617928631,-0.004937595818736926,-0.00671991818639094,nan,nan,nan,nan,0.05870289066711464,0.02541790981731385,0.004379596121745778,0.0004448395455192363,0.0001910788424170311,nan,nan,nan,nan
0.01,0.09878835403513918,132168,8052.009356793386,0.022259142,11752,3108,397,57,10,nan,nan,nan,nan,0.1662892846764845,-0.05711192595932917,-0.0160448382802164,0.00392064938717369,0.0017351842110266,nan,nan,nan,nan,0.05386767465603302,0.03051545871077613,0.003987025215552715,0.0005848573324865885,8.600736334964096e-05,nan,nan,nan,nan
0.01,0.1101140604530579,121145,3885.317997681522,0.016214727,11881,2890,362,51,9,nan,nan,nan,nan,0.1701002269615747,-0.04595259166397092,-0.010596012888093,-0.001281974041618403,-0.002155587914834501,nan,nan,nan,nan,0.05822225582381052,0.02724623408131791,0.003227427800110834,0.0005667949200061945,4.15009399453271e-05,nan,nan,nan,nan
0.01,0.1026372187264949,148522,4909.864181076906,0.019895215,13234,3271,425,64,12,nan,nan,nan,nan,0.1687412833051906,-0.05008767538327623,-0.01390550892300567,-0.004675256995044186,0.002564376722630365,nan,nan,nan,nan,0.05928380138877701,0.0287048425964598,0.004176858475366093,0.0007091323291530861,5.244460778761916e-05,nan,nan,nan,nan
0.01,0.1050980064879733,154579,17753.53173664696,0.020745953,12643,3302,413,70,13,nan,nan,nan,nan,0.1640235451548115,-0.04579981095543458,-0.01310616402479716,-0.0008891332992647921,0.0008695696126583013,nan,nan,nan,nan,0.05294725514154286,0.02714797871644814,0.003563763436897239,0.0008082078950029848,0.000189633964288047,nan,nan,nan,nan
0.05,0.1259892431800499,9096,87.73692370378528,0.001245818,360,100,100,3,nan,nan,nan,nan,nan,0.1586960880635911,-0.02477454685880964,-0.01424433901519728,0.006312040990465726,nan,nan,nan,nan,nan,0.0528793406492499,0.01468484978191188,0.00475752831578534,0.0001874720591961224,nan,nan,nan,nan,nan
0.05,0.09486261338294777,7351,185.3200367280199,0.000967927,151,100,100,nan,nan,nan,nan,nan,nan,0.1396809055882605,-0.04305096618925756,-0.001767326016055221,nan,nan,nan,nan,nan,nan,0.02949579538418005,0.01885151175422127,0.003173288300137329,nan,nan,nan,nan,nan,nan
0.05,0.09467471500771277,8809,41.15114055665578,0.001184688,385,125,100,2,nan,nan,nan,nan,nan,0.1790662333448166,-0.07328705693751553,-0.0126081978421836,0.001503736442595252,nan,nan,nan,nan,nan,0.06343737394156229,0.05249385973706696,0.002976453486211226,8.792978751422177e-05,nan,nan,nan,nan,nan
0.05,0.1130200179048339,9580,242.7325993725018,0.001276914,332,100,100,4,nan,nan,nan,nan,nan,0.1628079604904707,-0.04410999730866923,-0.01139405376345672,0.005716108486489169,nan,nan,nan,nan,nan,0.04508299315042966,0.02385273552450607,0.007208571111129953,0.0005186594003685937,nan,nan,nan,nan,nan
0.05,0.1148443678319097,9130,422.7716319514494,0.001237605,394,100,100,3,nan,nan,nan,nan,nan,0.1838408865167061,-0.05393405321884834,-0.001252773681040781,-0.01380969178490728,nan,nan,nan,nan,nan,0.07017687861592117,0.01995290793334979,0.002981225936468415,0.0009033581879304475,nan,nan,nan,nan,nan
0.05,0.097095129637514,8567,52.29939831517582,0.001149486,343,100,100,2,nan,nan,nan,nan,nan,0.167114543160041,-0.05464832599049872,-0.003538200870840496,-0.01183288666118783,nan,nan,nan,nan,nan,0.05923730237255355,0.02263278732156915,0.003365179277037738,0.0001117508511008031,nan,nan,nan,nan,nan
0.05,0.109108925746419,8501,0.1423988563619069,0.001137142,277,100,100,2,nan,nan,nan,nan,nan,0.1673118204513121,-0.03502253520578328,-0.01247159246396435,-0.01070876703514542,nan,nan,nan,nan,nan,0.05554490363980789,0.02079635918168623,0.002689663548904433,3.042710606023652e-07,nan,nan,nan,nan,nan
0.05,0.121100796852116,8524,205.0208686470978,0.00115928,300,100,100,2,nan,nan,nan,nan,nan,0.1705639792859204,-0.0510691114143956,-0.008284556351446535,0.009890485332037754,nan,nan,nan,nan,nan,0.04981916069324623,0.01950792598755231,0.002820037252743105,0.0004380787791604655,nan,nan,nan,nan,nan
0.05,0.1089032915485438,9171,116.5014775316007,0.001288842,371,108,100,3,nan,nan,nan,nan,nan,0.1715625884415689,-0.03338834200729705,-0.0173412933104371,-0.01192966157529091,nan,nan,nan,nan,nan,0.05017870741608095,0.0312097003989202,0.00500519165725132,0.000248934781050429,nan,nan,nan,nan,nan
0.05,0.06981075185865339,7373,283.0471433872343,0.0009554849999999999,173,100,100,nan,nan,nan,nan,nan,nan,0.1322730878685324,-0.04436191796085866,-0.01810041804902034,nan,nan,nan,nan,nan,nan,0.03115315733372456,0.0217992839200815,0.004846697660740314,nan,nan,nan,nan,nan,nan
